source_drive_file_id,source_drive_url,source_final_filename,filename_before_final_pass,raw_ocr_snippet,classified_artifact_type,artifact_signals,linked_business_candidate,menu_items,confidence,warnings
1KxgheP5U4sEKffEV-1e_P2Ty17Dj6n9f,https://drive.google.com/file/d/1KxgheP5U4sEKffEV-1e_P2Ty17Dj6n9f/view?usp=drivesdk,UNRESOLVED - 1KxgheP5U4.PNG,"Aiturn Faithful HVAC Services, LLC eee.PNG","12:30

< Faithful HVAC Services, LLC «+ Q0

All Photos Reels Mentions

Details

LY 100% recommend (6 Reviews)

© 33

© Closed now

©) Pensacola, FL, United States, 32514

Links

(2 faithfulhvac.com

Contact info

Q, +1850-776-3647

faithfulhvac@gmail.com

All posts

Aiturn Faithful HVAC Services, LLC eee

WAC SERVICES!

776-268 Jan 22, 2024-@

io Faithful HVAC Services, LLC
“mes” Jan 22, 2024-@

Startina 1in HVAC evetam an newly hilt hatice in

Qa ®@ © ©",possible_menu,price_signal|profile_page|schedule_location_hours|contact_signal|review_signal,"Faithful HVAC Services, LLC + Q0",[],0.55,menu_extraction_failed
12WHUzi6w8Cy4SIVH9MWPKqh9-FlalZhy,https://drive.google.com/file/d/12WHUzi6w8Cy4SIVH9MWPKqh9-FlalZhy/view?usp=drivesdk,Grizzly Gutters & Groundwo... + Q0.PNG,Another project wrapped up by Grizzly Gutters and.PNG,"2:38 a oe)

< Grizzly Gutters & Groundwo... +» Q0

@® Home Improvement

Follow

All Photos Reels Mentions

Details

LY 4 Reviews

© Closed now

©) 8686 Sharon lane , Pensacola, FL, United
States, 32533

Links

2 gotgrizzly.com
Contact info

Q, +1850-261-4757

josh@gotgrizzly.com

All posts

Grizzly Gutters & Groundworks vee
May 21-@

Another project wrapped up by Grizzly Gutters and

Gra: indiaiarlel le Caa mara

,@a @® © & 6",possible_menu,price_signal|profile_page|schedule_location_hours|contact_signal|review_signal,Grizzly Gutters & Groundwo... + Q0,[],0.55,menu_extraction_failed
18iVVIzdSq4D1Td6T3GlpMbYEBOvgZA6G,https://drive.google.com/file/d/18iVVIzdSq4D1Td6T3GlpMbYEBOvgZA6G/view?usp=drivesdk,Asian Fusion Pensacola.PNG,Asian Fusion Pensacola eee.PNG,"11:20 om oe

< Asian Fusion Pensacola eee

All Photos Reels More #

© 33

© Closed now

©) 10401 Chemstrand Rd, Pensacola, FL,
United States, 32514

1D Pensacola, FL

Links

(2) _asianfusionpensacola.com

Contact info
QR, (850) 281-9184

asianfusionpensacola@gmail.com

(~) Asian Fusion Pensacola

Highlights",possible_menu,price_signal|profile_page|schedule_location_hours|contact_signal,Asian Fusion Pensacola,[],0.55,menu_extraction_failed
1-3ryiwwqyF9L6ykGiQoMdPVs8p2Lil6n,https://drive.google.com/file/d/1-3ryiwwqyF9L6ykGiQoMdPVs8p2Lil6n/view?usp=drivesdk,Lots of Lumpia & More.PNG,"Bi Shamika Miller-Griffin, The Sealey Sauce.PNG","Lots of Lumpia & More
2.9K followers - 64 following - 153 posts

Food truck

@® Food Truck - $$

og». Followed by Lone Star Kitchens 2 Go,
Bi Shamika Miller-Griffin, The Sealey Sauce
="" Company and 4 others

Follow

All Photos Reels More #

Details

LY 94% recommend (29 Reviews)

© 3$

Contact info

Q, +1850-324-5351

lolandmorefoodtruck@gmail.com

All posts

(im Lats of |umnia & More ae
Qa @ @ 4

\",possible_menu,price_signal|profile_page|contact_signal|review_signal,Lots of Lumpia & More,[],0.55,menu_extraction_failed
1HsReyBlcwPA4XJml8k75gvznzQA2FE7-,https://drive.google.com/file/d/1HsReyBlcwPA4XJml8k75gvznzQA2FE7-/view?usp=drivesdk,Sneaky Tiki.PNG,"body aches, coughing, heavy chest and congestion.PNG","11:49 = wo Fe

< Sneaky Tiki ~- Q
All Photos Reels More 4

Details

LY 100% recommend (34 Reviews)

oo Pensacola, FL - Navarre, FL - Cantonment,
FL - Gulf Breeze, FL - Milton, FL - Pace, FL

Services

Specialties

Takeout - Online booking

Contact info

@ Sneakytikishavedice1
QQ, +1850-346-7811

sneakytiki01@gmail.com

All posts

Sneaky Tiki eee
zy 31-@

| don't know where this crud came from but I'm
miserable as hell. Running a fever of 100.2-101.4,
body aches, c",possible_menu,price_signal|profile_page|contact_signal|review_signal,Sneaky Tiki,[],0.55,menu_extraction_failed
1h5yDn_kYezVg6SlbpEyHH12LE46jX2Ns,https://drive.google.com/file/d/1h5yDn_kYezVg6SlbpEyHH12LE46jX2Ns/view?usp=drivesdk,Brunet YS Strickland.JPG,Brunet YS Strickland.JPG,"Z~

Brunet YS Strickland
Foorirtg Solutions
\— Arg

\4",possible_menu,price_signal,Brunet YS Strickland,[],0.55,menu_extraction_failed
1avURP3WQ-4yUGs6IPij9LDkeA7zhCVMf,https://drive.google.com/file/d/1avURP3WQ-4yUGs6IPij9LDkeA7zhCVMf/view?usp=drivesdk,Mellie Bellies.PNG,business that produces specialty southern classic.PNG,"Mellie Bellies
4.3K followers » 232 following

Mellie Bellies is a family owned and operated
business that produces specialty southern classic
with a unique twist! #WelcomeHome!

Posts About Photos Reels More #

Details

@W Page - Food Truck

2309 Patton Rd, Harrisburg,Pa 17112,
Harrisburg, PA, United States, Pennsylvania

(717) 809-7324

Ga? 9

melliebellies522@gmail.com

SS)

instagram.com/Melliebellies522

X Bellies522

a & gs © & @

Home Reels Friends Profile No",possible_menu,price_signal|profile_page|contact_signal,Mellie Bellies,[],0.55,menu_extraction_failed
1UgcEy3s7eZvljpemv3jitXFYyMq-qJL0,https://drive.google.com/file/d/1UgcEy3s7eZvljpemv3jitXFYyMq-qJL0/view?usp=drivesdk,Caan b).JPG,Caan b.JPG,"2
A

Caan b)",possible_menu,price_signal,Caan b),[],0.55,menu_extraction_failed
1xuh2_81yb8GFpnMbMWxHLCVdvI3RtDBz,https://drive.google.com/file/d/1xuh2_81yb8GFpnMbMWxHLCVdvI3RtDBz/view?usp=drivesdk,Campbell Contracting.jpg,Campbell Roofing Contractors is a Florida.jpg,"4:29 & 9 F will €
€ Campbell Contracting Q

Campbell Contracting
126 followers + 5 following

Campbell Roofing Contractors is a Florida
Roofing Contractor serving Florida's
Emerald Coast for over a decade. License#
CCC1329767

Follow

Posts About Photos More w

Details

W Page - Contractor

1966 Esplanade Street, Navarre, FL,
United States, Florida

+1 850-803-4300

G¢ 9

jlcinternet@gmail.com
campbellcontracting.com
Closing Soon

Price Range: $

ne ~ S)

Not ye",possible_menu,price_signal|profile_page|contact_signal,Campbell Contracting,[],0.55,menu_extraction_failed
1gNb0qcWJbJ2UdmYfm1K8OoKTZnMIpjEx,https://drive.google.com/file/d/1gNb0qcWJbJ2UdmYfm1K8OoKTZnMIpjEx/view?usp=drivesdk,Back Porch Burgers - Food Truck.PNG,Confirmed link.PNG,"Back Porch Burgers - Food Truck
904 followers + 340 following

Welcome to the Back Porch, making burgers the way
they should be.

Posts About Photos Reels More #

Details

@ Page - Food Truck

® Bell, FL, United States, Florida
& (816) 308-6685
georgiagatorllc@gmail.com

backporchburgers - 76 followers

Confirmed link

@ Price Range - $$

A. AON en ---I (A Mm-.- -

fs . a e_..-+N
e s @ & @

Home Reels Friends Profile Notifications Menu",possible_menu,food_terms|menu_heading|profile_page|contact_signal,Back Porch Burgers - Food Truck,[],0.55,menu_extraction_failed
1bOcxwlm51SxZ8oSJtq5VcATtWnu0vWl2,https://drive.google.com/file/d/1bOcxwlm51SxZ8oSJtq5VcATtWnu0vWl2/view?usp=drivesdk,Back Porch Burgers - Food Truck.PNG,Confirmed link.PNG,"Back Porch Burgers - Food Truck
904 followers + 340 following

Welcome to the Back Porch, making burgers the way
they should be.

Posts About Photos Reels More #

Details

@ Page - Food Truck

® Bell, FL, United States, Florida
& (816) 308-6685
georgiagatorllc@gmail.com

backporchburgers - 76 followers

Confirmed link

@ Price Range - $$

A. AON en ---I (A Mm-.- -

fs . a e_..-+N
e s @ & @

Home Reels Friends Profile Notifications Menu",possible_menu,food_terms|menu_heading|profile_page|contact_signal,Back Porch Burgers - Food Truck,[],0.55,menu_extraction_failed
15g34ssxsUOM2K2h7XoI50esyY3kCCAGh,https://drive.google.com/file/d/15g34ssxsUOM2K2h7XoI50esyY3kCCAGh/view?usp=drivesdk,Monster Cone Pensacola.PNG,cream truck to fulfill every sweet tooth.PNG,"Monster Cone Pensacola
2.7K followers - 69 following - 718 posts

Monster Cone is a Pensacola, FL based family-run ice
cream truck to fulfill every sweet tooth.

@ Ice Cream Shop - & (850) 982-9895

(ata \ Followed by Dylan Giles, Chelsea Statam,
Pg Tristan Bardin and 19 others

Follow

All Photos Reels More #

Details

LY 100% recommend (19 Reviews)

©) Pensacola, FL, United States

Services

Specialties

Online booking

Contact info

IAF AN RAR AAnAArE

Q
QO 868",possible_menu,price_signal|profile_page|contact_signal|review_signal,Monster Cone Pensacola,[],0.55,menu_extraction_failed
1xHyzOWVRustGVRpqKq0cSpzqcfBl_W2k,https://drive.google.com/file/d/1xHyzOWVRustGVRpqKq0cSpzqcfBl_W2k/view?usp=drivesdk,PENSACOLA Pensacola.PNG,Dedicated to providing top-notch painting services.PNG,"ENSACOLA —s r
eo au oa
FREE ESTIM?

1S PAINTING

a. ' Harris Painting Co.

PENSACOLA Pensacola
678 followers - 52 following - 152 posts

Dedicated to providing top-notch painting services
for your home! Let us take on those painti... See more

@ House Painting - & +1 850-816-0691

@ Follow @ Learn more

All Photos Reels Mentions

Details

LY 94% recommend (13 Reviews)

©) Pensacola, FL, United States

sus] Pensacola, FL - Navarre, FL - Milton, FL -
Pace, FL

Links
2",possible_menu,price_signal|profile_page|post_signal|review_signal,PENSACOLA Pensacola,[],0.55,menu_extraction_failed
1IUfL3mNs5bpJHGBpGzZmHGePK-hY25O9,https://drive.google.com/file/d/1IUfL3mNs5bpJHGBpGzZmHGePK-hY25O9/view?usp=drivesdk,Dwell Cookie Co..PNG,Delicious cookies that have the crunch on the.PNG,"Dwell Cookie Co.

360 followers « 11 following

Dwell Cookie Co. offers a variety of Grand,
Delicious cookies that have the crunch on the
outside while having the soft chewy texture on
the inside of the cookie. They are rich in
goodness and a great place to Dwell! Psalm
37:3-4

Follow @ Message

Posts About Photos More #

Details

@W Page - Bakery
® Pace, FL, United States, Florida
arc504@jagmail.southalabama.edu

@ Always open

® 6 &€§ BA @

Home Reels Friends Groups No",possible_menu,price_signal|food_terms|profile_page|schedule_location_hours,Dwell Cookie Co.,[],0.55,menu_extraction_failed
1566CfuwVD0D-WsqrZG6YAGVyj0IT71VW,https://drive.google.com/file/d/1566CfuwVD0D-WsqrZG6YAGVyj0IT71VW/view?usp=drivesdk,Seafood Soul.PNG,Delivering quality seafood and soul food with.PNG,"Seafood Soul
823 followers » 57 following

Delivering quality seafood and soul food with
consistency!!! We cater as well.

Posts About Photos More #

Details

@ Page - Food Truck

824 West Tharpe Street, Tallahassee, FL,
United States, Florida

(470) 368-4846

Ga? 9

Seafoodsoul83@gmail.com

SS)

Myseafoodsoul.com

=.

@a 83 6 B&B A =

Home Friends Reels Marketplace Notifications Menu",menu,price_signal|menu_heading|profile_page|contact_signal,Seafood Soul,[],0.6000000000000001,menu_extraction_failed
196H81-M_VYXEh60u5ff3eTaOdzqXGcFZ,https://drive.google.com/file/d/196H81-M_VYXEh60u5ff3eTaOdzqXGcFZ/view?usp=drivesdk,Eacehanok is shawina information to heln vou.PNG,Eacehanok is shawina information to heln vou.PNG,"All About Boba Q

Posts About Photos More #

Details

G
°o

\
P
P

2

Page - Bubble Tea Shop

6429 N 9th Ave, Pensacola, FL, United
States, Florida

(850) 291-7225
allaboutboba.pcola@gmail.com
instagram.com/Allaboutboba.pcola
allaboutbobapcola.square.site

linktr.ee/allaboutboba.pcola?
utm_source=linktree_profile_share&ltsid=...

Price Range - $$
Not yet rated (1 Review)
Asian-owned

See All About Boba's About Info

Page transparency See all
Eacehanok is shawin",possible_menu,price_signal|profile_page|contact_signal|review_signal,All About Boba,[],0.55,menu_extraction_failed
1GSSNjllEqL14Ucbmm4Yl3dmbpPGhF8j5,https://drive.google.com/file/d/1GSSNjllEqL14Ucbmm4Yl3dmbpPGhF8j5/view?usp=drivesdk,Emerald Coast ConcreteEx... + Q0.PNG,Emerald Coast ConcreteEx... «+ Q0.PNG,"< Emerald Coast ConcreteEx... «+ Q0

All Photos Reels Mentions

© 33

© Closed now

©) Pensacola, FL, United States, 32526

oo Okaloosa County, FL - Santa Rosa County,
FL - Escambia County, FL

Services

Specialties

Delivery

Contact info

Q, +1850-324-4591

kellyjoseph850@gmail.com

All posts

1 Emerald Coast Concrete Extraordinaires
SS Apr 29, 2024-@",possible_menu,price_signal|profile_page|schedule_location_hours|contact_signal,Emerald Coast ConcreteEx... + Q0,[],0.55,menu_extraction_failed
1m4Km_6GQYnG3LahFW_u4dAHwqu8DTKns,https://drive.google.com/file/d/1m4Km_6GQYnG3LahFW_u4dAHwqu8DTKns/view?usp=drivesdk,f) CARNE ASADA DARLING.PNG,f) CARNE ASADA DARLING.PNG,"x 10f 2

@ © +1 850 824-7897
f) CARNE ASADA DARLING

carne Asada Darling
Apr 25, 2023: @

O7 Q a1 aS",possible_menu,price_signal,f) CARNE ASADA DARLING,[],0.55,menu_extraction_failed
1jElKVZsbiCENBhAxfmsh8BPnw2Q_Q2eU,https://drive.google.com/file/d/1jElKVZsbiCENBhAxfmsh8BPnw2Q_Q2eU/view?usp=drivesdk,GARAGE DOORS.PNG,ff) roe] Illarenyachaa roam aearneneclRAA-rey A Yarnell marca.PNG,"2:30
PROFESSIONAL SERVICE.

<

) (@) QUALITY WORK. 2 gi SERVING

nt ~ = HONEST PRICES. Pensacola, Gulf Breeze, Navarre, -
= Q mr tt
DOORS OPENERS MAINTENANCE BUILT TO LAST. # ih

GARAGE DOORS

771 followers - 23 following - 300 posts

RTS All American Garage Doors is a full-service
garage door company specializing in gara... See more

@® Garage Door Service - $$

Follow & Call now

All Photos Reels Mentions

Details

© 3$
© Open now

©) 2172 W Nine Mile Rd 133, Pensa",possible_menu,price_signal|profile_page|schedule_location_hours|post_signal,GARAGE DOORS,[],0.55,menu_extraction_failed
191USivKtvyh0OrdWVrPQ4Ryi05-4aI9k,https://drive.google.com/file/d/191USivKtvyh0OrdWVrPQ4Ryi05-4aI9k/view?usp=drivesdk,Flashy Funnel Cakes.PNG,Flashy Funnel Cakes eee Q.PNG,"10:57 om wo Fe

< Flashy Funnel Cakes eee Q

All Photos Reels More 4

98% recommend (68 Reviews)
$$

Closed now

Florence, AL, United States

B®@OeP”r

Muscle Shoals, AL - Waterloo, AL - Florence,
AL - Tuscumbia, AL

Contact info

Q, (256) 740-9642
flashyfunnelcakes@yahoo.com

(~) Flashy Funnel Cakes

Badges

Consistent post creator

All posts

Flashy Funnel Cakes eee
9 Pinned - Nov 15, 2024 -@

YT WEEKIV ccHEnieE I

°

a 8s ea @

Tue o9/Z24- Urr
\Alad 2/",possible_menu,price_signal|profile_page|schedule_location_hours|post_signal|contact_signal|review_signal,Flashy Funnel Cakes,[],0.55,menu_extraction_failed
1L0Ft0XYOOkiedhGGYlJx3prhzXND-o4R,https://drive.google.com/file/d/1L0Ft0XYOOkiedhGGYlJx3prhzXND-o4R/view?usp=drivesdk,Indulgence Bakehouse.PNG,Florida Serving made from scratch Sourdough.PNG,"4:35 164
Indulgencé Bakehouse

“A Pensacola Cattage Bakery. Q

Indulgence
BAKEHOUSE

Irtisan Breads, Cakes, Cookies & More

Indulgence Bakehouse
2.8K followers «+ 858 following

A Home Cottage Bakery located in Pensacola,
Florida Serving made from scratch Sourdough
Breads, Custom cakes, cookies & more! All
Made to order Daily!

© WhatsApp
Posts Photos More #
Details
@ Page - Chef

® Pensacola, FL, United States, Florida
& (850) 485-1468
&)

Oa 6 & @ A @

Home Reels F",possible_menu,price_signal|profile_page,Indulgence Bakehouse,[],0.55,menu_extraction_failed
1rZGERQla9D75Z1U-bHUr09MIweOLE7Vj,https://drive.google.com/file/d/1rZGERQla9D75Z1U-bHUr09MIweOLE7Vj/view?usp=drivesdk,Indulgence Bakehouse.PNG,Florida Serving made from scratch Sourdough.PNG,"4:35 164
Indulgencé Bakehouse

“A Pensacola Cattage Bakery. Q

Indulgence
BAKEHOUSE

Irtisan Breads, Cakes, Cookies & More

Indulgence Bakehouse
2.8K followers «+ 858 following

A Home Cottage Bakery located in Pensacola,
Florida Serving made from scratch Sourdough
Breads, Custom cakes, cookies & more! All
Made to order Daily!

© WhatsApp
Posts Photos More #
Details
@ Page - Chef

® Pensacola, FL, United States, Florida
& (850) 485-1468
&)

Oa 6 & @ A @

Home Reels F",possible_menu,price_signal|profile_page,Indulgence Bakehouse,[],0.55,menu_extraction_failed
1srTxtusM-6Mr8eDh8QW81ca0MU9tqJSY,https://drive.google.com/file/d/1srTxtusM-6Mr8eDh8QW81ca0MU9tqJSY/view?usp=drivesdk,Sausage.PNG,food. Followed by Pensacola Cooks Commissary and.PNG,"Thompson's Smoked

Sausage
1.6K followers + 5 following - 347 posts

Established in Pensacola, FL 1967. Thompson's Meat
Supply Inc is home to Thompson's Smoke... See more

@ Food & Drink - Y Pensacola, FL: $-& +1
850-436-3780

food. Followed by Pensacola Cooks Commissary and

fun.

life. Classroom

Follow

All Photos Reels Mentions

Personal details

©) Pensacola, Florida

Details

LY 100% recommend (8 Reviews)

© ¢$
© Closed now

©) 7791 T Jar Drive, Pensacola, F",menu,price_signal|menu_heading|profile_page|schedule_location_hours|post_signal|review_signal,Sausage,[],0.6000000000000001,menu_extraction_failed
11sEEc-yZm2piHyFuCtyy7JTnZSOy-PpK,https://drive.google.com/file/d/11sEEc-yZm2piHyFuCtyy7JTnZSOy-PpK/view?usp=drivesdk,The Blazed Buddha Kitchen.PNG,"Good Music, Great Vibes, Better Food.PNG","The Blazed Buddha Kitchen

82 followers + 5 following

Downtown Tampa's #1 Late-Night Food Truck
Good Music, Great Vibes, Better Food
915 N Tampa St, Tampa, Fl

Posts About Photos Reels More #

Details

@W Page - Food Truck

915 N Tampa St , Downtown Tampa, FL, United
States, Florida

(813) 728-4546

Sf 9

ubereats.com/store/the-blazed-buddha-kitchen/
f47pwcfnSYCg3faxn-5sBA?srsitid=AfmBOoaqVYk...

Closed now

D:

Outdoor seating

a & gs © & @

Home Reels Friends P",possible_menu,price_signal|profile_page|schedule_location_hours,The Blazed Buddha Kitchen,[],0.55,menu_extraction_failed
1iufRWKE9gxCl4lBIgSMm9DyH_shqJ4iV,https://drive.google.com/file/d/1iufRWKE9gxCl4lBIgSMm9DyH_shqJ4iV/view?usp=drivesdk,Guadalupe Tex-Mex Kitchen.PNG,Guadalupe Tex-Mex Kitchen - Q.PNG,"12:58 mm a el)

< Guadalupe Tex-Mex Kitchen ~- Q

All Photos Reels More 4

© 3$

© Closed now

©) 1412 W Fairfield Dr, Pensacola, FL, United
States, 32501

(0 Pensacola, FL

Links

(2? guadalupekitchen.com

Services

Specialties

In-store pickup - Outdoor seating

Contact info

Q&, _+1850-470-4763

guadalupetexmex06@gmail.com",possible_menu,price_signal|profile_page|schedule_location_hours|contact_signal,Guadalupe Tex-Mex Kitchen,[],0.55,menu_extraction_failed
1eEvB0hQ8-S5dXycGthuaOnHytmrkfdi5,https://drive.google.com/file/d/1eEvB0hQ8-S5dXycGthuaOnHytmrkfdi5/view?usp=drivesdk,Siding Inc.PNG,"Guy Brothers Roofing, Northwest Florida's top choice.PNG","© [GUY BROTHERS —
ROOFING & SIDING

GEBNR_A. A ATJIOE LIC #CCC058150

Cre Guy Brothers Roofing &
Siding Inc

1.9K followers - 34 following - 832 posts

Guy Brothers Roofing, Northwest Florida's top choice
for professional roofing services.

® Roofing Service - $$

em, Followed by Guy Brothers Roofing & Siding-
Be South Alabama and Peterson Precision Painting,

Inc.
All Photos Reels Mentions
Details

LY 86% recommend (57 Reviews)

© 3$

©) 218 Hewitt Street

Links

2",possible_menu,price_signal|profile_page|review_signal,Siding Inc,[],0.55,menu_extraction_failed
1Y7Jp0oSap9DAp3jzWsn2g6zxbSwezuP2,https://drive.google.com/file/d/1Y7Jp0oSap9DAp3jzWsn2g6zxbSwezuP2/view?usp=drivesdk,G&J Soulfood.PNG,have always loved to cook for family and.PNG,"F¢7. 20

G&J Soulfood

3.4K followers *« 348 following

| have always loved to cook for family and
friends for years. We want to make food you
love to eat. Satisfaction is what we are aiming
for.

Posts About Photos More #

Details

@ Page - Food Truck

® 8015S Chester St, Little Rock, AR, United
States, Arkansas

& (501) 297-9160
GJSOULFOOD@yahoo.com

@ Delivery - Takeout

@:2:2 6 @ E=

Home Friends Reels Marketplace Notifications Menu",menu,price_signal|menu_heading|profile_page|contact_signal,G&J Soulfood,[],0.6000000000000001,menu_extraction_failed
112TyODcQxDjPpSVypltwuYeosh2KrdEd,https://drive.google.com/file/d/112TyODcQxDjPpSVypltwuYeosh2KrdEd/view?usp=drivesdk,and Concrete.PNG,Heritage Equine Equipment.PNG,"Craig Morgan Pole Barns

and Concrete
18K followers - 60 following - 3.8K posts

@® Home Improvement

& Following +

All Photos Reels Mentions

Details

©) Pensacola, FL, United States, 32533

Contact info

Q, +1850-748-5899

All posts

£4 Craig Morgan Pole Barns and Concrete °°°
» #@ Pinned - Apr 20, 2023-@

Have been asked about the sliders and hinge doors
on our current build
They are great to work with -... See more

Heritage Equine Equipment

“Ss

ts)
5 Oo 4",possible_menu,price_signal|profile_page|post_signal|contact_signal,and Concrete,[],0.55,menu_extraction_failed
1osxzvj7EFa7zJhmWMsjeKlYBzV8iYyYr,https://drive.google.com/file/d/1osxzvj7EFa7zJhmWMsjeKlYBzV8iYyYr/view?usp=drivesdk,How muiinh da ranlanamant wrindaaie antiuialhs anct.PNG,How muiinh da ranlanamant wrindaaie antiuialhs anct.PNG,"Follow @ Learn more

All Photos Reels Mentions

Details

LY 80% recommend (103 Reviews)
© 33

© Closed now

©) 10108 North Palafox Street, 32534

Links

(2? windowworldpensacola.com

Contact info

QR, +1850-484-9998

pensacola@windowworld.com

All posts

Window World of Pensacola (Pensacol... °°°
2d:-@

How muiinh da ranlanamant wrindaaie antiuialhs: anct?

@ @ © a @",possible_menu,price_signal|profile_page|schedule_location_hours|contact_signal|review_signal,pensacola@windowworld.com,[],0.55,menu_extraction_failed
15Yllvot52plJS6kePe49apCYZHIqKZig,https://drive.google.com/file/d/15Yllvot52plJS6kePe49apCYZHIqKZig/view?usp=drivesdk,Smash''N'Dash.PNG,"i ""fy Miller-Griffin, Keith Pardue and 4 others.PNG","— VAST ON"" DASH

Smash’'N'Dash

7.8K followers - 76 following - 1.1K posts

8506028263 We are open Tues-Fri, 11-6:30 & Sat
11-3. Voted best burgers in PENSACOLA, great price
and fast service. Plenty on the menu to choose from!
The smoked fried wings and brisket grilled cheese are
a must. Come see us, 1919 creighton Rd. Pensa FI.

@® Fast food restaurant - (OC) smashndashpensacola -
& +1 850-602-8263

ayy 3 , Followed by T&W Flea Market, Shamika
i “fy Miller-Griffin, Keith Pardue",possible_menu,food_terms|menu_heading|profile_page|schedule_location_hours,Smash’'N'Dash,[],0.55,menu_extraction_failed
1cNHtlJce8hhBt5hSIka5qyHb0K3PgQeR,https://drive.google.com/file/d/1cNHtlJce8hhBt5hSIka5qyHb0K3PgQeR/view?usp=drivesdk,"FL - Escambia County, FL.jpg","Installation, repair, maintenance.jpg","4:49

OF || ¢

< Air Marshall Cooling He.. Qo (S)

All

ov

Details

Ww
SC)
©

©
oo

Photos Reels Mentions

Married

100% recommend (5 Reviews)

SS
Closing Soon

Navarre, FL, United States

Okaloosa County, FL - Santa Rosa County,
FL - Escambia County, FL

Services

©

Specialties

Installation, repair, & maintenance
of heating, cooling, and ventilation &
refrigeration systems.

Credentials

Florida Class B license #RA13067676

@ Follow

[1 O <",possible_menu,price_signal|profile_page|review_signal,Air Marshall Cooling He.. Qo (S),[],0.55,menu_extraction_failed|generic_sheet_business_name_ignored
1eh80_8RKGoqYNyB7utWfSasDn7heZor-,https://drive.google.com/file/d/1eh80_8RKGoqYNyB7utWfSasDn7heZor-/view?usp=drivesdk,KEKS.JPG,INSUNEUN MONS ( INEPANIRS.JPG,"we

e 6

<< KEKS

FAMILY
FENCING & GUTTERS
INSUNEUN MONS (& INEPANIRS",possible_menu,price_signal,KEKS,[],0.55,menu_extraction_failed
1W7HN38pp6dz00wSjMMc_3Wbuy-cuvCBR,https://drive.google.com/file/d/1W7HN38pp6dz00wSjMMc_3Wbuy-cuvCBR/view?usp=drivesdk,J&J Plumbing and Gas LLC.PNG,J J Plumbing and Gas LLC.PNG,"J&J Plumbing and Gas LLC

191 followers - 0 following - 4 posts

Offering plumbing services large and small.

® Plumbing Service

Follow & Call now

All Photos Reels Mentions

Personal details

©) Pensacola, Florida

Details

LY 100% recommend (8 Reviews)

© Closed now

©) Pensacola, FL, United States

Contact info
Q, +1850-977-3324
jandjplumbingpensacola@gmail.com
a ®@ © a 6

E>» J&J Plumbing and Gas LLC undated their",possible_menu,price_signal|profile_page|schedule_location_hours|contact_signal|review_signal,J&J Plumbing and Gas LLC,[],0.55,menu_extraction_failed
1N75zxp9PgTriAcLFGHzpVIKJ7Y-TPFGH,https://drive.google.com/file/d/1N75zxp9PgTriAcLFGHzpVIKJ7Y-TPFGH/view?usp=drivesdk,Keys + he CURE.JPG,Keys + he CURE.JPG,"MSAC,
Hy 1
Pe —9
LOCK SAFE

Keys + #he CURE",possible_menu,price_signal,Keys + he CURE,[],0.55,menu_extraction_failed
1Hd-5jc6KNt1BVoNJUeX316L9bO4FhBOp,https://drive.google.com/file/d/1Hd-5jc6KNt1BVoNJUeX316L9bO4FhBOp/view?usp=drivesdk,Chefgirlrdee.PNG,Kitchen cooking.PNG,"Chefgirlrdee

806 followers - 13 following - 440 posts

Food Truck

® Kitchen/cooking

am: Followed by Broughton Frank

Follow (8 Book now

All Photos Reels More 4",possible_menu,price_signal|profile_page,Chefgirlrdee,[],0.55,menu_extraction_failed
1kkyrWRgi_ucjmOkBb3GQ5-wvB2EKYDde,https://drive.google.com/file/d/1kkyrWRgi_ucjmOkBb3GQ5-wvB2EKYDde/view?usp=drivesdk,"Followed by Tammy Kocon Doverspike,.PNG",Lupita's Mexican Fast Food.PNG,"4

, 4

Pe \\l

>€)— _Lupita's Mexican Fast Food
4; \\ 2K followers - 3 following - 977 posts

® 7815 N Davis Hwy,Pensacola Fl 32514
© 10am-9pm_ ER (850) 760-6655
@ BP Gas Station

@® Mexican Restaurant - $ - & (850) 760-6655
Followed by Tammy Kocon Doverspike,
>. Rachel Pepin and Tamer Ghboun

Follow & Call now

All Photos Reels Mentions

Details

LY 96% recommend (46 Reviews)

© Closed now

©) 7815 N Davis Hwy , Pensacola, FL, United
States, 32514

(2) lupitas-mex",possible_menu,price_signal|profile_page|schedule_location_hours|review_signal,)— _Lupita's Mexican Fast Food,[],0.55,menu_extraction_failed
1F231gzKZAVf1k2sIsALynID-kN6qRBDp,https://drive.google.com/file/d/1F231gzKZAVf1k2sIsALynID-kN6qRBDp/view?usp=drivesdk,30776-364 LLC.PNG,"Mechanical Contractor in Northwest Florida, here to.PNG","ma)
I 9
UI)

= IN
’ nitvry
NAC services: Faithful HVAC Services,

Mechanical Contractor

30776-364 LLC
94 followers - 2 following - 22 posts

Mechanical Contractor in Northwest Florida, here to
serve all of your HVAC & Gas Piping needs.

® Heating, Ventilating & Air Conditioning Service - $$

Follow & Call now

All Photos Reels Mentions

Details

LY 100% recommend (6 Reviews)

© 3$
© Closed now

©) Pensacola, FL, United States, 32514

Links

(2 _ faithfulhvac.com",possible_menu,price_signal|profile_page|schedule_location_hours|review_signal,30776-364 LLC,[],0.55,menu_extraction_failed
108R6KFN94DyDgGBRq7t06KBAplJQdIse,https://drive.google.com/file/d/108R6KFN94DyDgGBRq7t06KBAplJQdIse/view?usp=drivesdk,Breakfast Bros.jpg,mobile and our location varies.jpg,"12:08 @& i 70

Breakfast Bros
2.7K followers - 29 following

- 369 posts
Page - Restaurant

Breakfast food truck in Pensacola Florida! We are
mobile and our location varies.

@W Restaurant -$

eS Followed by Chelsea Statam

All Photos Reels More #

Details
LY 100% recommend (35 Reviews)

© s

©) Tippin and 9th Ave, Pensacola, FL, United
States, 32504

1 Pensacola, FL

Services
Specialties
II O <",menu,price_signal|menu_heading|profile_page|schedule_location_hours|review_signal,Breakfast Bros,[],0.6000000000000001,menu_extraction_failed
1_VnUT7WkZ-AgaYTNuFkBehxuuHFViYu3,https://drive.google.com/file/d/1_VnUT7WkZ-AgaYTNuFkBehxuuHFViYu3/view?usp=drivesdk,Mobile food trailer Locations posted weekly.PNG,Mobile food trailer Locations posted weekly.PNG,"SoFlo Po’ Boys

4 followers + 37 following

Southern flavor. Florida soul.

Louisiana-inspired po’ boys served hot and fresh
around South Florida.

* Mobile food trailer | Locations posted weekly

Posts About Photos Reels Mentions

Details

Page - Food Truck
Port Saint Lucie, FL, United States, Florida

+352 8716 835

Of OB

+1 352-871-6835

@

scott@soflopoboys.com

0} soflopoboys
Confirmed link

a & & O&O & @

Home Reels Friends Profile Notifications Menu",menu,price_signal|menu_heading|profile_page|post_signal,SoFlo Po’ Boys,[],0.6000000000000001,menu_extraction_failed
1wBAb_oMZhKkkpzb_PoiuTfkYheKNoGDk,https://drive.google.com/file/d/1wBAb_oMZhKkkpzb_PoiuTfkYheKNoGDk/view?usp=drivesdk,Finishing LLC LP.PNG,Now we do business as United Assembly LLC.PNG,"Five Star Drywall And
Finishing LLC LP

33 likes - 33 followers - 26 posts

We were formally Five Star Drywall

Now we do business as United Assembly LLC
Please reach out there, the info will be in that new
page. Much appreciated

@® Construction Company - $

All Photos Reels Mentions

Details
© ¢$
© Closed now

©) Pensacola, FL, United States, 32514

oo Pensacola, FL - Fort Walton Beach, FL -

Niceville, FL - Navarre, FL - Crestview, FL -...

Contact info

Q, +1850-38",possible_menu,price_signal|profile_page|schedule_location_hours|contact_signal,Finishing LLC LP,[],0.55,menu_extraction_failed
12ZZHHjNQ8NmZEbKiWtoRYnz4MiHbIpQB,https://drive.google.com/file/d/12ZZHHjNQ8NmZEbKiWtoRYnz4MiHbIpQB/view?usp=drivesdk,Carver's Kitchen.PNG,oo Carver's Kitchen is at Cantonment Ace.PNG,"Carver's Kitchen
754 followers - 28 following - 255 posts

Midwest fare with a southern flair!

@ Food Truck - & +1 850-261-2122

Be ook Followed by The RICAN VEGAN LLC, The
ay ien. Sealey Sauce Company, Pensacola Cooks
ee Commissary and Classroom and 1 other

Follow

All Photos Reels More #

Details

LY 4 Reviews

©) Pensacola, FL, United States

Contact info

Q, +1850-261-2122

carverskitchen22@gmail.com

All posts
oo Carver's Kitchen is at Cantonment Ace _..-

2",possible_menu,price_signal|profile_page|post_signal|contact_signal|review_signal,Carver's Kitchen,[],0.55,menu_extraction_failed
1TeTH8zunbeKNqTsul9g8OOF0oywZNpYY,https://drive.google.com/file/d/1TeTH8zunbeKNqTsul9g8OOF0oywZNpYY/view?usp=drivesdk,Soul Food Mobile Food Truck.PNG,Page - Food beverage.PNG,"mBES:}*
FOOD) TRUCK:
I'VE EVER TRIED!

© _www.2BRosanpacnick.com

2 Bros & A Chick

1.7K followers + 65 following
Soul Food Mobile Food Truck

Posts About Photos More #

Details

@ Page - Food & beverage

701 Beal Pkwy, Fort Walton Beach, FL,
United States, Florida

¢ 98

(850) 362-9589

[

2brosandachick@gmail.com

0) 2brosandachick - 717 followers
Confirmed link

RZ) LWW AW WAW Wile) ep ed es

@a 83 6 B&B A =

Home Friends Reels Marketplace Notifications Menu",menu,price_signal|menu_heading|profile_page|contact_signal,2 Bros & A Chick,[],0.6000000000000001,menu_extraction_failed
1lKuVpRLBR6RHlzpPjPrdWa-SNLgZXJa9,https://drive.google.com/file/d/1lKuVpRLBR6RHlzpPjPrdWa-SNLgZXJa9/view?usp=drivesdk,a & gs & @.PNG,Page - Food delivery service.PNG,"hot dog on the road
358 followers + 221 following

Hot Dog On The Road

Posts About Photos Reels More #

Details

@ Page - Food delivery service
Orlando florida

(407) 813-6573

Sf 9

tiktok.com/@jesusortiz1917

Q

tiktok.com/@hotdogontheroad
* See hot dog on the road's About Info

Daan teanenavanau Gan all

a & gs © & @

Home Reels Friends Profile Notifications Menu",menu,price_signal|menu_heading|profile_page,,[],0.6000000000000001,missing_valid_business_name|menu_extraction_failed
1-Xd1YGFYDuZ3ZcY6aiu9KQq-UANGs6Ol,https://drive.google.com/file/d/1-Xd1YGFYDuZ3ZcY6aiu9KQq-UANGs6Ol/view?usp=drivesdk,Munster Munchies.jpg,Page - Food Drink.jpg,"12:46 = @S Full G
¢ Q eco

Munster Munchies
238 followers - 0 following - 14 posts

Page - Food & Drink

@ Pensacola Food Truck offering Louisiana
cuisine to the community!

® Home base 4500 E Olive Rd.
Pensacola, FL 32514
In the Circle K parkin lot!
Travels for special events!

®@, Black owned business!

@® Food & Drink - Y Pensacola, FL -
munster_munchies - $$

Follow ® Message

All Photos Reels Mentions

Personal details

©) Pensacola, Florida

Details

LY 4 Rev",possible_menu,food_terms|menu_heading|profile_page,Munster Munchies,[],0.55,menu_extraction_failed
1d5CCSNx03bv5fZDf_rnZeRK13wVzVQ7K,https://drive.google.com/file/d/1d5CCSNx03bv5fZDf_rnZeRK13wVzVQ7K/view?usp=drivesdk,Pensacola Hardwood Floors.PNG,Pensacola Hardwood Floors - Q.PNG,"12:55 aN 7 e)

< Pensacola Hardwood Floors ~- Q

— 55 tollowers - O tollowing - 4 posts

Pensacola Hardwood Floors

@® Carpet & Flooring Store - $$

Follow

All Photos Reels Mentions

Details

LY Not yet rated (0 Reviews)

© 3$

©) 3130 Newton Dr, Pensacola, FL, United
States, 32503-5107

Links
2 pensacolahardwoodfloors.com
Contact info
Q, _+1850-632-4070
pensacolahardwood@gmail.com

All posts

sacl Pensacola Hardwood Floors

“?@ 8@On 6
_———",possible_menu,price_signal|profile_page|contact_signal|review_signal,Pensacola Hardwood Floors,[],0.55,menu_extraction_failed
1IaD1pEVllz4ukZKlvm0e9EDPWQOdiWfk,https://drive.google.com/file/d/1IaD1pEVllz4ukZKlvm0e9EDPWQOdiWfk/view?usp=drivesdk,Pensacola Roofing and Fence'.PNG,Pensacola Roofing and Fence' - Q.PNG,"< Pensacola Roofing and Fence’ -* Q

All Photos Reels Mentions

Details

LY 88% recommend (12 Reviews)

© 33

© Closed now

©) 2889 West Michigan Avenue, Pensacola, FL,
United States, 32526

Links

2 pensacolaroofing.org
Contact info

@ pensacolaroofingandfence

Q, _+1850-438-8985

tonyaguy2@gmail.com

Highlights",possible_menu,price_signal|profile_page|schedule_location_hours|contact_signal|review_signal,Pensacola Roofing and Fence’ -,[],0.55,menu_extraction_failed
1D3pIE5F4OWrFbM8sQ5Q3IJBr80QFdtFG,https://drive.google.com/file/d/1D3pIE5F4OWrFbM8sQ5Q3IJBr80QFdtFG/view?usp=drivesdk,PENSACOLA.JPG,PENSACOLA.JPG,"2
2 So

—
PENSACOLA",possible_menu,price_signal,PENSACOLA,[],0.55,menu_extraction_failed
1lSW8ERED6tsHH89w07psM4dlc-EhzwqF,https://drive.google.com/file/d/1lSW8ERED6tsHH89w07psM4dlc-EhzwqF/view?usp=drivesdk,Pittman Electric NWF.jpg,"Pittman Electric, located in Navarre Florida is your.jpg","4:33 © 90 Full

< Q &

Pittman Electric NWF

64 followers - 2 following - 47 posts

Page - Electrician

Pittman Electric, located in Navarre Florida is your
one call shop for all your electrical ne... See more

® Electrician
All Photos Reels Mentions
Details

LY Not yet rated (0 Reviews)

©) Navarre, FL, United States, 32566

Fort Walton Beach, FL - Navarre, FL -
Navarre Beach, FL - Gulf Breeze, FL - Ma...

Links

2 pittmanelectricnwf.com

Contact info

Q, +1:479-21",possible_menu,price_signal|profile_page|post_signal|contact_signal|review_signal,Pittman Electric NWF,[],0.55,menu_extraction_failed
1SVYEYD8JXoNL6DAy2CR0CQYm6r6p3qy3,https://drive.google.com/file/d/1SVYEYD8JXoNL6DAy2CR0CQYm6r6p3qy3/view?usp=drivesdk,Asian Fusion Pensacola.PNG,"Preparation sale of Thai, Chinese, Vietnamese.PNG","Asian Fusion Pensacola
1.3K followers - 24 following - 96 posts

Preparation & sale of Thai, Chinese, & Vietnamese
dishes--sale of prepared and ready to ea... See more

@ Food Truck - $$ - & (850) 281-9184

am re Followed by Wayne Slack, Amanda Bullard
P ry ; and Cierra Lirette

Follow © WhatsApp

All Photos Reels More #

Details

LY 100% recommend (9 Reviews)

© 33
© Closed now

©) 10401 Chemstrand Rd, Pensacola, FL,
United States, 32514

(0 Pensacola, FL

Links

ae",possible_menu,price_signal|profile_page|schedule_location_hours|post_signal|review_signal,Asian Fusion Pensacola,[],0.55,menu_extraction_failed
1Eihcl2tj9BnSE1l84PUe1DBxHrDFtTGl,https://drive.google.com/file/d/1Eihcl2tj9BnSE1l84PUe1DBxHrDFtTGl/view?usp=drivesdk,The Brunchy Bunch Food Truck.PNG,Price Range.PNG,". BRUNCHY «

—== BUNCH eo
”

The Brunchy Bunch Food Truck

1.2K followers » 95 following

Breakfast-Lunch-Dinner Food Truck thats rated # 1
by the owners!

Posts About Photos Reels More #

Details

@ Page - Food Truck

(239) 443-7104

ae

Thebrunchybunchfl@gmail.com

®

instagram.com/Thebrunchybunchfl

Takeout

o »

Price Range - $$

* See The Brunchy Bunch Food Truck's About Info

a & gs © & @

Home Reels Friends Profile Notifications Menu",menu,price_signal|menu_heading|profile_page|contact_signal,The Brunchy Bunch Food Truck,[],0.6000000000000001,menu_extraction_failed
1fnaQBXtqxs-MfdwEO8s-QO1eDZx0D8ff,https://drive.google.com/file/d/1fnaQBXtqxs-MfdwEO8s-QO1eDZx0D8ff/view?usp=drivesdk,The Brunchy Bunch Food Truck.PNG,Price Range.PNG,". BRUNCHY «

—== BUNCH eo
”

The Brunchy Bunch Food Truck

1.2K followers » 95 following

Breakfast-Lunch-Dinner Food Truck thats rated # 1
by the owners!

Posts About Photos Reels More #

Details

@ Page - Food Truck

(239) 443-7104

ae

Thebrunchybunchfl@gmail.com

®

instagram.com/Thebrunchybunchfl

Takeout

o »

Price Range - $$

* See The Brunchy Bunch Food Truck's About Info

a & gs © & @

Home Reels Friends Profile Notifications Menu",menu,price_signal|menu_heading|profile_page|contact_signal,The Brunchy Bunch Food Truck,[],0.6000000000000001,menu_extraction_failed
1YHjcO_DRUTYfJbX2h0vxT8ZCIx-IOlVn,https://drive.google.com/file/d/1YHjcO_DRUTYfJbX2h0vxT8ZCIx-IOlVn/view?usp=drivesdk,PURA VIDA FOODS.PNG,PURA VIDA FOODS.PNG,"904-742-40

PURA VIDA FOODS

1K followers +» 234 following

Posts About Photos More #

Details

@ Page - Food Truck

11480 Fort Caroline Lakes DR,
Jacksonville, FL, United States, Florida

a 68

management@pvfoodtruck.com

SS)

instagram.com/puravidafoods2023

# 86% recommend (6 Reviews)

eee Cg DI IDA VIINA EQANRG 'e Ahaiit Infa

@a 83 6 B&B A =

Home Friends Reels Marketplace Notifications Menu",menu,price_signal|menu_heading|profile_page|contact_signal|review_signal,PURA VIDA FOODS,[],0.65,menu_extraction_failed
1yAiIyi0vr4IyH51mQmM-d2Wimkq-K3zg,https://drive.google.com/file/d/1yAiIyi0vr4IyH51mQmM-d2Wimkq-K3zg/view?usp=drivesdk,eaaee Quality Roofing.PNG,Quality Roofing is a locally owned and operated.PNG,"12:24
SAFE HOMES,
GHARANTEED Q

eaaee Quality Roofing
ROOFING 251 followers - O following - 2 posts

Quality Roofing is a locally owned and operated
company that has served NW Florida for ... See more

® Roofing Service - $$

& Followed by Jacqueline Cox

Follow & Call now

All Photos Reels Mentions

Details

LY 94% recommend (16 Reviews)

© 3$

© Always open

©) 110 W Herman Ave, Pensacola, FL, United
States, 32505

oo Pensacola, FL - Jay, FL - Navarre, FL -
Pensac",possible_menu,price_signal|profile_page|schedule_location_hours|post_signal|review_signal,eaaee Quality Roofing,[],0.55,menu_extraction_failed
1SB55YsCSqWXxROpSgVHHJq1osWDZqjF-,https://drive.google.com/file/d/1SB55YsCSqWXxROpSgVHHJq1osWDZqjF-/view?usp=drivesdk,reerine Panhandle.jpg,RCB Roofing - Florida Panhandle.jpg,"»)

4:09 (SSE = 5 uill €

< Q &

=e RCB Roofing - Florida
reerine Panhandle
93 followers - 0 following - 6 posts
Page - Roofing Service

We are a roofing company that specializes in new
roofs and roof repairs. We are a Lowe’... See more

® Roofing Service
All Photos Reels Mentions
Details

LY 1 Review

@) Always open

©) Navarre, FL, United States, 32566

sus] Pensacola, FL - Fort Walton Beach, FL -
Navarre, FL - Enterprise, AL - Mobile, AL -...

Contact info

Q&, (8",possible_menu,price_signal|profile_page|schedule_location_hours|post_signal|contact_signal|review_signal,reerine Panhandle,[],0.55,menu_extraction_failed
1PQB481ds4iPRdAMXCupAJILzkpsPhtIv,https://drive.google.com/file/d/1PQB481ds4iPRdAMXCupAJILzkpsPhtIv/view?usp=drivesdk,Coastal Cajun Cuisine.PNG,rf) OAOrdar Online for Dickiin ar Dalivaryv.PNG,"Coastal Cajun Cuisine
7.8K followers - 67 following - 930 posts

Louisiana born and raised, cook Kain Vinet is bringing
his twist of Cajun flavor to the Gulf Coast

@® Bar & Grill - Y Pensacola, FL - $$ -& +1
850-542-7037

: go ® «a. Followed by The Sealey Sauce Company,
le /. Keith Pardue, Broughton Frank and 3 others

Follow ¥{ Start Order

All Photos Reels Mentions

Personal details

©) Pensacola, Florida

Details

LY 100% recommend (54 Reviews)

© 3$

© Closed now",possible_menu,price_signal|profile_page|schedule_location_hours|review_signal,Coastal Cajun Cuisine,[],0.55,menu_extraction_failed
1d7tNRN0gaohfsslgBzCs9S02ZiLW7A32,https://drive.google.com/file/d/1d7tNRN0gaohfsslgBzCs9S02ZiLW7A32/view?usp=drivesdk,_ Riviera Roofing LLC Q &.jpg,Riviera Roofing LLC eee.jpg,"4:20 ‘& 0 Fil €

€ _ Riviera Roofing LLC Q &
All Photos Reels Mentions

Details

Ww
©
©

Links

2

100% recommend (5 Reviews)

Always open

8275 Hazelgrove Ct, Navarre, FL, United
States, 32566

Pensacola, FL - Fort Walton Beach, FL -
Niceville, FL - Navarre, FL - Crestview, FL ...

bestroofersflorida.com

Contact info

&
©)

(603) 231-9038
rivieraroofing2019@gmail.com

Riviera Roofing LLC

All posts

Riviera Roofing LLC eee

Rem Apr 25, 2023 - £3 TobeCon",possible_menu,price_signal|profile_page|schedule_location_hours|contact_signal|review_signal,_ Riviera Roofing LLC Q &,[],0.55,menu_extraction_failed
19pKskr5xSr4ysDN0SkRo_auyd9RmtjpM,https://drive.google.com/file/d/19pKskr5xSr4ysDN0SkRo_auyd9RmtjpM/view?usp=drivesdk,GARAGE DOORS.PNG,RTS All American Garage Doors is a full-service.PNG,"2:30
HARAGHDOORY
PROFESSIONAL SERVICE.

<

QUALITY WORK. Q roves SERVING

HONEST PRICES. Q es aE Breeees Navarre,

poors | oPeNers | MAINTENANCE —= BUILT TO LAST. ane -

GARAGE DOORS

771 followers - 23 following - 300 posts

RTS All American Garage Doors is a full-service
garage door company specializing in garage door
repair and service calls. When you call RTS Mobile/
Pensacola, your call will be answered by a live, local
technician, and an appointment will be scheduled!",possible_menu,price_signal|profile_page,GARAGE DOORS,[],0.55,menu_extraction_failed
16ho92MsIBAjCzRdYH0p9ZCFT4fL-O6kJ,https://drive.google.com/file/d/16ho92MsIBAjCzRdYH0p9ZCFT4fL-O6kJ/view?usp=drivesdk,sai Pensacola Precision Fencing is & feeling.PNG,sai Pensacola Precision Fencing is feeling.PNG,"2:23 aw Fe)

< Pensacola PrecisionFencing ++ Q0

All Photos Reels Mentions

uw eer eee

Details

LY 100% recommend (16 Reviews)

© 33

© Closed now

©) 6229 Windwood Drive, Pensacola, FL,
United States, 32504

oo Pensacola, FL - Santa Rosa County, FL -
Escambia County, FL - Cantonment, FL - Br...

Education

2 UWF. University Of West Florida
YF
Class of 2010

Contact info

QR, +1850-637-4624

pensacolaprecisionfencing@yahoo.com

All posts

sai Pensacola Precis",possible_menu,price_signal|profile_page|schedule_location_hours|contact_signal|review_signal,Pensacola PrecisionFencing ++ Q0,[],0.55,menu_extraction_failed
1zOs9FlButCtPe-zK4c08YfN7VN6isBnY,https://drive.google.com/file/d/1zOs9FlButCtPe-zK4c08YfN7VN6isBnY/view?usp=drivesdk,A-Ram's Kitchen.PNG,See A-Ram's Kitchen's About Info.PNG,"sK’ » Volusia County
9
ia

KITCHEN

A-Ram's Kitchen

213 followers + 7 following

Posts About Photos Reels Mentions

Details

@ Page - Food Truck

601 N Ridgewood Ave
Edgewater, FL 32132, Edgewater, FL, United...

a 68

alan@aramgastronomy.com

®

instagram.com/aramskitchen

aramgastronomy.com

%

100% recommend (6 Reviews)

See A-Ram's Kitchen's About Info

Page transparencv See all

a & gs © & @

Home Reels Friends Profile Notifications Menu",menu,price_signal|menu_heading|profile_page|contact_signal|review_signal,A-Ram's Kitchen,[],0.65,menu_extraction_failed
1PL-nxSvkKViDUPLWz4zVS1oAKPRXIV2T,https://drive.google.com/file/d/1PL-nxSvkKViDUPLWz4zVS1oAKPRXIV2T/view?usp=drivesdk,A-Ram's Kitchen.PNG,See A-Ram's Kitchen's About Info.PNG,"sK’ » Volusia County
9
ia

KITCHEN

A-Ram's Kitchen

213 followers + 7 following

Posts About Photos Reels Mentions

Details

@ Page - Food Truck

601 N Ridgewood Ave
Edgewater, FL 32132, Edgewater, FL, United...

a 68

alan@aramgastronomy.com

®

instagram.com/aramskitchen

aramgastronomy.com

%

100% recommend (6 Reviews)

See A-Ram's Kitchen's About Info

Page transparencv See all

a & gs © & @

Home Reels Friends Profile Notifications Menu",menu,price_signal|menu_heading|profile_page|contact_signal|review_signal,A-Ram's Kitchen,[],0.65,menu_extraction_failed
1UefBt-IRcC_QW7Rq5qsRmROl7G2nxvWu,https://drive.google.com/file/d/1UefBt-IRcC_QW7Rq5qsRmROl7G2nxvWu/view?usp=drivesdk,Meatbawl's FoodTruck.PNG,"serves up tender, slow-cooked oxtail dishes.PNG","8:36
WLS FOODTRUCK

< DMEATBAWLS.COM.

‘| MEATBAWL'S
a {THE PLY

Meatbawl's FoodTruck
8.7K followers +» 535 following

“Island vibes, Caribbean flavors! Our food truck
serves up tender, slow-cooked oxtail dishes
with a tropical twist. Follow us for a taste of the
islands on wheels!""

For all booking or catering needs please email,
Tanclarke@meatbawls.com

Posts About Photos More #

Details

@ Page - Food Truck
® Biloxi, MS, United States, Mississippi
& (228) 547-9633",possible_menu,price_signal|profile_page|contact_signal,DMEATBAWLS.COM.,[],0.55,menu_extraction_failed
1ZopgUp8va8pvtBI647Gz6XNRmPjTcpzv,https://drive.google.com/file/d/1ZopgUp8va8pvtBI647Gz6XNRmPjTcpzv/view?usp=drivesdk,SimplyBrats.PNG,SimplyBrats™! Best Taste of Germany along NWFL.PNG,"SimplyBrats

3.3K followers - 43 following - 254 posts

SimplyBrats™! Best ""Taste of Germany"" along NWFL
Panhandle!

@® Food Truck - $$

= fun.

Followed by The Sealey Sauce Company,

Pensacola Cooks Commissary and
Classroom, Waffle Boutique and 1 other

Follow

All Photos Reels More #

Details

LY 100% recommend (60 Reviews)

© 33

Pensacola, FL - Niceville, FL - Navarre, FL -
Crestview, FL - DeFuniak Springs, FL - Milt...

Links

(2 simplybrats.com

Contact inf",possible_menu,price_signal|profile_page|review_signal,SimplyBrats,[],0.55,menu_extraction_failed
10ixIO2kuyC9CroUMwXjmbVigrvzgl96J,https://drive.google.com/file/d/10ixIO2kuyC9CroUMwXjmbVigrvzgl96J/view?usp=drivesdk,LLC.PNG,Specializing in wood and other types of privacy.PNG,"Sand & Sons Fence Company
LLC

645 followers - 50 following - 61 posts

Specializing in wood and other types of privacy
fencing. Locally owned and operated, ser... See more

@ Fence & Gate Contractor - & +1 850-266-4708

& Call now
Photos Reels Mentions

Details

LY 1 Review
© 33

Q® G@ S

() West Pensacola, FL, United States, 32507",possible_menu,price_signal|profile_page|post_signal|review_signal,LLC,[],0.55,menu_extraction_failed
1oU3Z4hLuQX9UtYbiwZVPwxjm89-v2kaQ,https://drive.google.com/file/d/1oU3Z4hLuQX9UtYbiwZVPwxjm89-v2kaQ/view?usp=drivesdk,El Taviche.PNG,"States, Florida.PNG","PF Tiwene

Fine che ef

El Taviche
208 followers - 4 following

El Taviche Food Truck Restaurant

Posts About Photos Reels Mentions

Details

@ Page - Restaurant

504 Hwy 17-92 N, Haines City, FL, United
States, Florida

(863) 219-7577

Ga? 9

eltavichefoodtruck@google.com

ElTaviche.com

%

Not yet rated (2 Reviews)

a & gs © & @

Home Reels Friends Profile Notifications Menu",menu,price_signal|menu_heading|profile_page|review_signal,El Taviche,[],0.6000000000000001,menu_extraction_failed
1mpaIRcCyk4cFC3sUyh8m4GcK164Q0yFt,https://drive.google.com/file/d/1mpaIRcCyk4cFC3sUyh8m4GcK164Q0yFt/view?usp=drivesdk,El Taviche.PNG,"States, Florida.PNG","PF Tiwene

Fine che ef

El Taviche
208 followers - 4 following

El Taviche Food Truck Restaurant

Posts About Photos Reels Mentions

Details

@ Page - Restaurant

504 Hwy 17-92 N, Haines City, FL, United
States, Florida

(863) 219-7577

Ga? 9

eltavichefoodtruck@google.com

ElTaviche.com

%

Not yet rated (2 Reviews)

a & gs © & @

Home Reels Friends Profile Notifications Menu",menu,price_signal|menu_heading|profile_page|review_signal,El Taviche,[],0.6000000000000001,menu_extraction_failed
1IHteXVRkfBp2p-eSUKJpPhk9QmCQ67cl,https://drive.google.com/file/d/1IHteXVRkfBp2p-eSUKJpPhk9QmCQ67cl/view?usp=drivesdk,CG sausage king thompsons 2s.PNG,supply. The hot food is Sausage King.PNG,"1:03 a al > i)

< CG sausage king thompsons 2s

All People Reels Groups Pages E

= Thompson's Smoked Sausage 23w

Get it delivered with DoorDash!! Thompson's meat
supply. & The hot food is Sausage King.
850-436-3777

9 9 Q

Soo Nwfgha Association 37w

We are happy to have the Sausage King food truck
at our September show! They feature sausage dog...

-_-- PPCM rere ~
AS 7

Overview ) Photos Ab

z",possible_menu,price_signal,CG sausage king thompsons 2s,[],0.55,menu_extraction_failed
1yjLSUPmaEbleKnb7VUaz0kzA6OFFY-b0,https://drive.google.com/file/d/1yjLSUPmaEbleKnb7VUaz0kzA6OFFY-b0/view?usp=drivesdk,Thompson's Smoked Sausa.PNG,Takeout - In-store shopping - In-store.PNG,"1:03 a al > i)

< Thompson's Smoked Sausa... «+ QQ

All Photos Reels Mentions
© 8
© Closed now

©) 7791 T Jar Drive, Pensacola, FL, United
States, 32526

Links

2 thompsonssausage.com

Services

Specialties

Takeout - In-store shopping - In-store
pickup

Contact info

Q, _+1850-436-3780

All posts

Thompson's Smoked Sausage eee
9 Pinned - Jun 26, 2025 -@
2

Follow

Saus age King Located at Thompson’s Meat Supply. 7791 T Jar Dr, Pensacola, FL

Aa fil

Wore pe",possible_menu,price_signal|profile_page|schedule_location_hours|post_signal|contact_signal,Thompson's Smoked Sausa...,[],0.55,menu_extraction_failed
1DlfOpcoAGA7zO0DQcj2jTDafPpSwR_13,https://drive.google.com/file/d/1DlfOpcoAGA7zO0DQcj2jTDafPpSwR_13/view?usp=drivesdk,El secreto de.un gran platillay.PNG,Taqueria - Mexican Food - Mexican Snacks.PNG,"4:16 114

< El secreto de.un gran platillay

egigen el AINOF

We secocina,,
las _
‘Latrinas “

de “Rosy

> ugh
a, OY

Las Catrinas De Rosy
6.8K followers +» 42 following

Taqueria - Mexican Food - Mexican Snacks &
Treats

®& Call now

Posts Photos More #

Details

@W Page - Kitchen/cooking

® 29640 hwy 181, Daphne, AL, United
States, Alabama

& (251) 716-8824

@ Closed now

aoe 8 @aAa @

Home Reels Friends Groups Notifications",possible_menu,price_signal|profile_page|schedule_location_hours,El secreto de.un gran platillay,[],0.55,menu_extraction_failed
1PSbrk4Qcqy8kkMSJr2Lr5f96gZitwPz7,https://drive.google.com/file/d/1PSbrk4Qcqy8kkMSJr2Lr5f96gZitwPz7/view?usp=drivesdk,El secreto de.un gran platillay.PNG,Taqueria - Mexican Food - Mexican Snacks.PNG,"4:16 114

< El secreto de.un gran platillay

egigen el AINOF

We secocina,,
las _
‘Latrinas “

de “Rosy

> ugh
a, OY

Las Catrinas De Rosy
6.8K followers +» 42 following

Taqueria - Mexican Food - Mexican Snacks &
Treats

®& Call now

Posts Photos More #

Details

@W Page - Kitchen/cooking

® 29640 hwy 181, Daphne, AL, United
States, Alabama

& (251) 716-8824

@ Closed now

aoe 8 @aAa @

Home Reels Friends Groups Notifications",possible_menu,price_signal|profile_page|schedule_location_hours,El secreto de.un gran platillay,[],0.55,menu_extraction_failed
1y1G_xuFKEvM9fqQfaecCmGuSV5cEAiKV,https://drive.google.com/file/d/1y1G_xuFKEvM9fqQfaecCmGuSV5cEAiKV/view?usp=drivesdk,Veronica's Dream.PNG,Thank you for all the support.PNG,"12:50 mm aw > o

< Veronica's Dream ~- Q
All Photos Reels More 4
Details

LY 100% recommend (11 Reviews)

© Closed now

©) 3532 North W. Street, Pensacola, FL, United
States, 32505

Links
2 veronicabynumsdream.com
Contact info
@ VeronicaBsDream
Q,_-+1850-966-1917

veronicasdream@yahoo.com

All posts
@,,.,. Weronica's Dream
= por 1 @

Thank you for all the support
you guys are amazing | really

@ 8 @ & O,

Ng",possible_menu,price_signal|profile_page|schedule_location_hours|contact_signal|review_signal,Veronica's Dream,[],0.55,menu_extraction_failed
1XeVJRYK3IDvLvGq4BqeAHDmViW7KolQx,https://drive.google.com/file/d/1XeVJRYK3IDvLvGq4BqeAHDmViW7KolQx/view?usp=drivesdk,Follow @ Message.PNG,"The Deep Blue Seafood ""Truck.PNG","Bist

g, Po Boys
Belo)

The Deep Blue Seafood “Truck”

2.2K followers +* 61 following

Follow @ Message

Posts About Photos More #

Details

@W Page - Food Truck

13595 Perdido Key Drive , Pensacola, FL,
United States, Florida

(850) 602-1610

Ga? 9

Deepbluefoodtruck@yahoo.com

SS)

instagram.com/
e3dc945fe9cd1fd925165123fcb5d93b

Oa 86 S&S @B A

Home Reels Friends Groups Notifications Menu",menu,price_signal|menu_heading|profile_page|contact_signal,The Deep Blue Seafood “Truck”,[],0.6000000000000001,menu_extraction_failed|generic_sheet_business_name_ignored
1Z5G3tfLAALuLnsy8u1a5Cv9K264Lw_Vc,https://drive.google.com/file/d/1Z5G3tfLAALuLnsy8u1a5Cv9K264Lw_Vc/view?usp=drivesdk,Follow @ Message.PNG,"The Deep Blue Seafood ""Truck.PNG","Bist

g, Po Boys
Belo)

The Deep Blue Seafood “Truck”

2.2K followers +* 61 following

Follow @ Message

Posts About Photos More #

Details

@W Page - Food Truck

13595 Perdido Key Drive , Pensacola, FL,
United States, Florida

(850) 602-1610

Ga? 9

Deepbluefoodtruck@yahoo.com

SS)

instagram.com/
e3dc945fe9cd1fd925165123fcb5d93b

Oa 86 S&S @B A

Home Reels Friends Groups Notifications Menu",menu,price_signal|menu_heading|profile_page|contact_signal,The Deep Blue Seafood “Truck”,[],0.6000000000000001,menu_extraction_failed|generic_sheet_business_name_ignored
1ZCGw1-CIXhYQP0psiVnvdgsTrYZj0pos,https://drive.google.com/file/d/1ZCGw1-CIXhYQP0psiVnvdgsTrYZj0pos/view?usp=drivesdk,UNRESOLVED - 1ZCGw1-CIX.JPG,UNRESOLVED - 1ZCGw1-CIX.JPG,"[3
Sy
Vy,

ys »
c

i",possible_menu,price_signal,UNRESOLVED - 1ZCGw1-CIX,[],0.55,menu_extraction_failed
1nsTHm6m6IXQWBNlS03SxtS7UQF5kDsVm,https://drive.google.com/file/d/1nsTHm6m6IXQWBNlS03SxtS7UQF5kDsVm/view?usp=drivesdk,a2 & BA @.PNG,"Veilleux, Amanda Bullard and 2 others.PNG","~— 9am/8pm

x 3 % carne Asada Darling

Me
Ren 294 followers - 12 following - 132 posts

ofrecemos una gran variedad de comidas con la
especialidad de la casa comida nicaraguense

@ Grocery Store - & (850) 824-7897

« Followed by Walter Moncada, Sandy
Veilleux, Amanda Bullard and 2 others
Follow & Call now

All Photos Reels Mentions

Details

LY 1Review

© Closed now

©) 2600 E olive Rd Pensacola FL 32514,
Pensacola, FL, United States, 32514

Contact info

Q, (850) 82",possible_menu,price_signal|profile_page|schedule_location_hours|contact_signal,a2 & BA @,[],0.55,menu_extraction_failed
1_8CPOLnInyQZbVZCUs2PBENWvqDZrfLn,https://drive.google.com/file/d/1_8CPOLnInyQZbVZCUs2PBENWvqDZrfLn/view?usp=drivesdk,Inc..PNG,We are a Commercial Electrical Contractor working in.PNG,"Sanders Brothers Electric,
Inc.

43 followers - O following - 11 posts

We are a Commercial Electrical Contractor working in
many businesses ranging from small banks to lar

@ Electrician - $$

Follow & Call now

All Photos Reels Mentions

Details

LY Not yet rated (0 Reviews)

© 33

© Closed now

©) 8195 Kipling St, Pensacola, FL, United
States, 32514

Links

2 sanderselectric.net

Contact info

Qa @ © a @

All noctc¢",possible_menu,price_signal|profile_page|schedule_location_hours|contact_signal|review_signal,Inc.,[],0.55,menu_extraction_failed
1UX0W7esfGNAPOqBYlEQb8BYJ1tlZ5Key,https://drive.google.com/file/d/1UX0W7esfGNAPOqBYlEQb8BYJ1tlZ5Key/view?usp=drivesdk,Pensacola.PNG,We provide spray foam insulation services to.PNG,"Spray
Foam
Insulation

Pensacola

Spray Foam Insulation
Pensacola

88 followers - O following - 4 posts

We provide spray foam insulation services to
business and residents of Pensacola and ... See more

@ Home Improvement - $$

Photos Reels Mentions

Details

LY 100% recommend (6 Reviews)

© 33
Links

Aa db",possible_menu,price_signal|profile_page|post_signal|review_signal,Pensacola,[],0.55,menu_extraction_failed
1R2lIEEFctvp39gqUrGOhUbnaScML73Od,https://drive.google.com/file/d/1R2lIEEFctvp39gqUrGOhUbnaScML73Od/view?usp=drivesdk,a Lone Star Kitchens 2.PNG,We setup where there are cool people.PNG,"a Lone Star Kitchens 2 Go

LONE STAR 2.7K followers + 157 following - 617 posts

We setup where there are cool people.....
Contact us if you're cool.

@® Food Truck - $$

MR fooa, Followed by Big Moose BBQ, The Sealey
2 /; fun. Sauce Company, Pensacola Cooks
™ Commissary and Classroom and 1 other

om life.
Follow

All Photos Reels More #

Details

LY 98% recommend (66 Reviews)

© 33
© Always open

©) Gulf Breeze, FL, United States, 32561

(1 Pensacola, FL - Gulf Breeze",possible_menu,price_signal|profile_page|schedule_location_hours|review_signal,a Lone Star Kitchens 2 Go,[],0.55,menu_extraction_failed
1ul1l7avJDQ4_0IXkO091LyK1xO3U2xFu,https://drive.google.com/file/d/1ul1l7avJDQ4_0IXkO091LyK1xO3U2xFu/view?usp=drivesdk,Yummy Sammy and delicious Nachos.PNG,Yummy Sammy and delicious Nachos.PNG,"“dill

Pino island

1 follower « 1 following

Yummy Sammy and delicious Nachos

Posts About Photos Reels Mentions

Details

@W Page - Food Truck

43 miracle Strip pkwy, Fort Walton Beach, FL,
United States, Florida

+231 4 637 766

a? 9

snjslilc@yahoo.com

%

Not yet rated (O Reviews)

See Pino island 's About Info

Page transparency See all
Facebook is showing information to help you

a & & O&O & @

Home Reels Friends Profile Notifications Menu",menu,price_signal|menu_heading|profile_page|contact_signal|review_signal,Pino island,[],0.65,menu_extraction_failed
1Jo2bD8z9Q5LvRbKNKBkqG978LV8H3h5n,https://drive.google.com/file/d/1Jo2bD8z9Q5LvRbKNKBkqG978LV8H3h5n/view?usp=drivesdk,Yummy Sammy and delicious Nachos.PNG,Yummy Sammy and delicious Nachos.PNG,"“dill

Pino island

1 follower « 1 following

Yummy Sammy and delicious Nachos

Posts About Photos Reels Mentions

Details

@W Page - Food Truck

43 miracle Strip pkwy, Fort Walton Beach, FL,
United States, Florida

+231 4 637 766

a? 9

snjslilc@yahoo.com

%

Not yet rated (O Reviews)

See Pino island 's About Info

Page transparency See all
Facebook is showing information to help you

a & & O&O & @

Home Reels Friends Profile Notifications Menu",menu,price_signal|menu_heading|profile_page|contact_signal|review_signal,Pino island,[],0.65,menu_extraction_failed
